Song,Artist,Album,Genre,Duration,Year
The Real Slim Shady,Eminem,The Marshall Mathers LP,Hip-Hop,04:44,2000
Just Lose It,Eminem,Encore,Hip-Hop,04:08,2004
Mockingbird,Eminem,Encore,Hip-Hop,04:11,2005
Love the way you lie,Eminem,Recovery,Hip-Hop,04:23,2010
Love the way you lie,Rihanna,Recovery,Hip-Hop,04:23,2010
Not Afraid,Eminem,Recovery,Hip-Hop,04:10,2010
Space Bound,Eminem,Recovery,Hip-Hop,04:38,2011
I need a doctor,Dr Dre,I need a doctor,Hip-Hop,04:43,2011
I need a doctor,Eminem,I need a doctor,Hip-Hop,04:43,2011
I need a doctor,Skylar Grey,I need a doctor,Hip-Hop,04:43,2011
Berzerk,Eminem,The Marshall Mathers LP 2,Rap-Rock,03:53,2013
The Monster,Eminem,The Marshall Mathers LP 2,Hip-Hop,04:12,2014
The Monster,Rihanna,The Marshall Mathers LP 2,Hip-Hop,04:12,2014
Smack that,Akon,Konvicted,Dirty-Rap,03:32,2007
Smack that,Eminem,Konvicted,Dirty-Rap,03:32,2007
I wanna love you,Akon,Konvicted,Dirty-Rap,04:07,2007
I wanna love you,Snoop Dogg,Konvicted,Dirty-Rap,04:07,2007
Dont matter,Akon,Konvicted,Reggae-fusion,04:47,2007
Beautiful,Akon,Freedom,Dance-Pop,05:12,2009
Beautiful,Colby Odonis,Freedom,Dance-Pop,05:12,2009
Right now na na na,Akon,Freedom,Dance-Pop,04:01,2009
Take a bow,Rihanna,Good Girl Gone Bad: Reloaded,R&B,03:48,2008
Disturbia,Rihanna,Good Girl Gone Bad: Reloaded,Dance-Pop,03:59,2008
In the end,Linkin Park,Hybrid Theory,Rap-Rock,03:36,2002
Numb,Linkin Park,Meteora,Nu-Metal,03:08,2004
Breaking the habit,Linkin Park,Meteora,Alternative Rock,03:16,2004
Burn it down,Linkin Park,Living Things,Electronic Rock,03:51,2012
Heaven,Bryan Adams,Reckless,Pop-Rock,04:03,1985
Run to you,Bryan Adams,Reckless,Pop-Rock,03:53,1985
Summer of 69,Bryan Adams,Reckless,Pop-Rock,03:32,1985
I want it that way,Backstreet Boys,Millennium,Pop,04:11,1999
Show me the meaning of being lonely,Backstreet Boys,Millennium,Pop,03:54,2000
Show me the meaning of being lonely,Backstreet Boys,Millennium,Pop,03:54,2000
Whenever Wherever,Shakira,Laundry Service,Worldbeat,03:16,2002
Underneath your clothes,Shakira,Laundry Service,Rock,03:44,2002
Hips dont lie,Shakira,"Oral Fixation, Vol. 2",Worldbeat,03:38,2006
Bailamos,Enrique Iglesias,Enrique,Latin-Pop,03:38,1999
Be with you,Enrique Iglesias,Enrique,Dance-Pop,03:40,2000
Hero,Enrique Iglesias,Escape,Pop,04:24,2001
Escape,Enrique Iglesias,Escape,Dance-Pop,03:28,2002
I like it,Enrique Iglesias,Euphoria,Electro-Pop,03:52,2010
I like it,Pitbull,Euphoria,Electro-Pop,03:52,2010
Hot n cold,Katy Perry,One of the Boys,Pop,03:40,2008
Waking up in Vegas,Katy Perry,One of the Boys,Pop-Rock,03:49,2009
California gurls,Katy Perry,Teenage Dream,Disco-Pop,03:36,2010
California gurls,Snoop Dogg,Teenage Dream,Disco-Pop,03:36,2010
Teenage Dream,Katy Perry,Teenage Dream,Electro-Pop,03:47,2010
Firework,Katy Perry,Teenage Dream,Dance-Pop,03:48,2011
Et,Katy Perry,Teenage Dream,Hip-Hop,03:51,2011
Et,Kanye West,Teenage Dream,Hip-Hop,03:51,2011
Grenade,Bruno Mars,Doo-Wops & Hooligans,R&B,03:42,2011
Grenade,Bruno Mars,Doo-Wops & Hooligans,R&B,03:42,2011
Just the way you are,Bruno Mars,Doo-Wops & Hooligans,Electra,03:41,2011
The lazy song,Bruno Mars,Doo-Wops & Hooligans,Reggae,03:15,2011
Uptown funk,Bruno Mars,Uptown Special,Disco-Pop,04:30,2015
Lean on,Major Lazer,Peace Is the Mission,Moombahton,02:56,2015
Lean on,DJ Snake,Peace Is the Mission,Moombahton,02:56,2015
Lean on,MO,Peace Is the Mission,Moombahton,02:56,2015
Little Wing,Jimi Hendrix,Axis: Bold as Love,Rock,02:24,1967
Voodoo Child (Slight Return),Jimi Hendrix,Electric Ladyland,Rock,05:06,1968
War Pigs,Black Sabbath,Paranoid,Metal,07:57,1970
Paranoid,Black Sabbath,Paranoid,Metal,02:48,1970
Stairway to Heaven,Led Zeppelin,Led Zepellin IV,Classical Rock,08:02,1971
Going to California,Led Zeppelin,Led Zepellin IV,Classical Rock,03:31,1971
Ramble On,Led Zeppelin,Led Zepellin II,Classical Rock,04:34,1969
Whole Lotta Love,Led Zeppelin,Led Zepellin II,Classical Rock,04:34,1969
Whole Lotta Love,Led Zeppelin,Led Zepellin II,Blues Rock,04:34,1969
Time,Pink Floyd,The Dark Side of the Moon,Progressive Rock,06:53,1973
Money,Pink Floyd,The Dark Side of the Moon,Progressive Rock,06:23,1973
The Great Gig in the Sky,Pink Floyd,The Dark Side of the Moon,Progressive Rock,04:36,1973
Brain Damage,Pink Floyd,The Dark Side of the Moon,Progressive Rock,03:49,1973
Here Comes the Sun,The Beatles,Abbey Road,Folk-pop,03:06,1969
While My Guitar Gently Weeps,The Beatles,The Beatles,Blues,04:46,1968
While My Guitar Gently Weeps,The Beatles,The Beatles,Rock,04:46,1968
Echoes,Pink Floyd,Meddle,Progressive Rock,23:31,1971
2112,Rush,2112,Progressive Rock,20:33,1976
Roundabout,Yes,Fragile,Progressive Rock,08:29,1971
House of Cards,Radiohead,In Rainbows,Progressive Rock,05:28,2008
House of Cards,Radiohead,In Rainbows,Art Rock,05:28,2008
My Iron Lung,Radiohead,My Iron Lung,Progressive Rock,04:36,1994
My Iron Lung,Radiohead,My Iron Lung,Alternative Rock,04:36,1994
All Apologies,Nirvana,In Utero,Grunge,03:51,1993
Even Flow,Pearl Jam,Ten,Grunge,04:54,1991
Black,Pearl Jam,Ten,Grunge,04:54,1991
