ID,Song,Artist,Year,Album,Genre,Duration
1,the real slim shady,eminem,2000,The Marshall Mathers LP,"Comedy Hip-Hop, Hardcore Hip-Hop",4m 44sec
2,just lose it,eminem,2004,Encore,Comedy Hip-Hop,4m 08sec
3,mockingbird,eminem,2005,Encore,Hip-Hop,4min 11sec
4,love the way you lie,eminem,2010,Recovery,"Hip-Hop, Pop",4m 23sec
,love the way you lie,rihanna,2010,Recovery,"Hip-Hop, Pop",4m 23sec
,love the way you lie,eminem,2010,Recovery,"Hip-Hop, Pop",4m 23sec
5,not afraid,eminem,2010,Recovery,Hip-Hop,4m 10sec
6,space bound,eminem,2011,Recovery,Hip Hop,4m 38sec
7,i need a doctor,dr dre,2011,I need a doctor,Hip-Hop,4m 43sec
,i need a doctor,eminem,2011,I need a doctor,Hip-Hop,4m 43sec
,i need a doctor,skylar grey,2011,I need a doctor,Hip-Hop,4m 43sec
8,berzerk,eminem,2013,The Marshall Mathers LP 2,Rap-Rock,3m 53sec
9,the monster,eminem,2014,The Marshall Mathers LP 2,"Hip-Hop, Rock",4m 12sec
,the monster,rihanna,2014,The Marshall Mathers LP 2,"Hip-Hop, Rock",4m 12sec
10,smack that,akon,2007,Konvicted,Dirty-Rap,3m 32sec
,smack that,eminem,2007,Konvicted,Dirty-Rap,3m 32sec
11,i wanna love you,akon,2007,Konvicted,Dirty-Rap,4m 07sec
,i wanna love you,snoop dogg,2007,Konvicted,Dirty-Rap,4m 07sec
12,dont matter,akon,2007,Konvicted,Reggae-fusion,4m 47sec
13,beautiful,akon,2009,Freedom,Dance-Pop,5m 12sec
,beautiful,colby odonis,2009,Freedom,Dance-Pop,5m 12sec
14,right now na na na,akon,2009,Freedom,Dance-Pop,4m 01sec
15,take a bow,rihanna,2008,Good Girl Gone Bad: Reloaded,R&B,3m 48sec
16,disturbia,rihanna,2008,Good Girl Gone Bad: Reloaded,"Dance-Pop, Electropop",3m 59sec
17,hate that i love you,rihanna,2008,Good Girl Gone Bad: Reloaded,R&B,3m 39sec
,hate that i love you,neyo,2008,Good Girl Gone Bad: Reloaded,R&B,3m 39sec
18,in the end,linkin park,2002,Hybrid Theory,"Rap-Rock, Hard-Rock, Nu-Metal",3m 36sec
19,numb,linkin park,2004, Meteora,"Nu-Metal, Alternative-Rock",3m 08sec
20,breaking the habit,linkin park,2004, Meteora,"Alternative-Rock, Electronic-Rock, Electronica",3m 16sec
21,burn it down,linkin park,2012,Living Things,"Electronic-Rock, Rap-Rock, Alternative-Rock",3m 51sec
22,heaven,bryan adams,1985,Reckless,"Rock, Pop-Rock",4m 03sec
23,run to you,bryan adams,1985,Reckless,"Rock, Hard-Rock",3m 53sec
24,summer of 69,bryan adams,1985,Reckless,"Rock, Pop-Rock",3m 32sec
25,quit playing games with my heart,backstreet boys,1997,Backstreet boys,"Pop, R&B",3m 52sec
26,everybody backstreets back,backstreet boys,1998,Backstreet boys,Pop,4m 48sec
27,i want it that way,backstreet boys,1999,Millennium,Pop,4m 11sec
28,show me the meaning of being lonely,backstreet boys,2000,Millennium,"Pop, R&B",3m 54sec
,show me the meaning of being lonely,backstreet boys,2000,Millennium,"Pop, R&B",3m 54sec
29,whenever wherever,shakira,2002,Laundry Service,"Worldbeat, Latin",3m 16sec
30,underneath your clothes,shakira,2002,Laundry Service,Rock,3m 44sec
31,hips dont lie,shakira,2006,"Oral Fixation, Vol. 2","Worldbeat, Latin-Pop, Salsa",3m 38sec
32,bailamos,enrique iglesias,1999,Enrique,"Latin-Pop, Dance-Pop",3m 38sec
33,be with you,enrique iglesias,2000,Enrique,Dance-Pop,3m 40sec
34,hero,enrique iglesias,2001,Escape,"Latin-Pop, Pop",4m 24sec
35,escape,enrique iglesias,2002,Escape,Dance-Pop,3m 28sec
36,i like it,enrique iglesias,2010,Euphoria,Electro-Pop,3m 52sec
,i like it,pitbull,2010,Euphoria,Electro-Pop,3m 52sec
37,tonight im lovin you,enrique iglesias,2011,Euphoria,Dance-Pop,3m 51sec
,tonight im lovin you,ludacris,2011,Euphoria,Dance-Pop,3m 51sec
38,i kissed a girl,katy perry,2008,One of the Boys,Pop-Rock,3m 00sec
39,hot n cold,katy perry,2008,One of the Boys,"Pop, Dance-Pop",3m 40sec
40,waking up in vegas,katy perry,2009,One of the Boys,Pop-Rock,3m 19sec
41,california gurls,katy perry,2010,Teenage Dream,"Disco-Pop, Funk-Pop",3m 36sec
,california gurls,snoop dogg,2010,Teenage Dream,"Disco-Pop, Funk-Pop",3m 36sec
42,teenage dream,katy perry,2010,Teenage Dream,Electro-Pop,3m 47sec
43,firework,katy perry,2011,Teenage Dream,Dance-Pop,3m 48sec
44,et,katy perry,2011,Teenage Dream,"Electronic, Hip-Hop",3m 51sec
,et,kanye west,2011,Teenage Dream,"Electronic, Hip-Hop",3m 51sec
45,last friday night tgif,katy perry,2011,Teenage Dream,Dance-Pop,3m 50sec
46,grenade,bruno mars,2011,Doo-Wops & Hooligans,"Pop, R&B",3m 42sec
,grenade,bruno mars,2011,Doo-Wops & Hooligans,"Pop, R&B",3m 42sec
47,just the way you are,bruno mars,2011,Doo-Wops & Hooligans,"Electra, Atlantic",3m 41sec
48,the lazy song,bruno mars,2011,Doo-Wops & Hooligans,"Reggae, Reggae-Pop",3m 15sec
49,uptown funk,bruno mars,2015,Uptown Special,"Funk-Pop, Disco-Pop",4m 30sec
50,lean on,major lazer,2015,Peace Is the Mission,Pop,2m 56sec
,lean on,dj snake,2015,Peace Is the Mission,Pop,2m 56sec
,lean on,mo,2015,Peace Is the Mission,Pop,2m 56sec
